project_id,project_name,organization,segment,category,region,platform,permission_model,consensus_family,architecture_type,governance_type,consortium_size,has_native_token,launch_year,end_year,failure_year,investment_usd,value_at_risk_usd,status_original,status_clean,outcome,resolution,na,nc,ns,se,sm,sf,ls,lr,lp,network_domain,system_domain,law_domain,overall_score,failure_category,failure_reasons,scoring_method,evidence_summary,primary_data_sources
E001,ANZ Stablecoin A$DC,ANZ Bank,enterprise,Digital AUD stablecoin,,Ethereum,permissioned,PoS (Ethereum),public chain (token on Ethereum),,1,yes (stablecoin),,,,Undisclosed,<100M,Launched,Launched,not_failed,resolved,1,3,2,1,3,1,1,1,1,2.0,1.67,1.0,1.56,,,systematic-with-review,AUD-denominated stablecoin on Ethereum. Single-entity ANZ control over issuance and redemption (sm=3). Standard ERC-20 architecture (na=1). Regulated under APRA/ASIC framework with developing guidance (ls/lr/lp=1). Low overall risk due to institutional backing and regulatory engagement.,ANZ press releases; APRA/ASIC regulatory publications; CoinDesk reporting
E002,ASX CHESS,ASX,enterprise,Securities Settlement,Asia-Pacific,,permissioned,custom (DAML/VMware),private chain,Centralized,1,no,2016,2022,2022,250000000,250M (direct investment),Failed,Failed,failed,resolved,4,4,4,3,4,4,3,4,4,4.0,3.67,3.67,3.78,Technical Failure,Technical complexity; Performance,systematic-with-review,"Securities settlement replacement project. $250M invested over 7 years. Single-entity ASX monopoly control (sm=4). Architecture failed to handle settlement volumes — sequential design created hard capacity limits (na=4, ns=4). ASIC enforcement action followed (lr=4). Textbook Architecture Death Spiral.",ASX annual reports; ASIC enforcement actions; Accenture/Digital Asset post-mortem; Senate inquiry testimony
D008,Aave V3,Aave Companies,defi,Lending Protocol,Global,Multi-chain,permissionless,PoS (multi-chain),"public chain (smart contracts, multi-chain deployment)",Token governance + safety module,N/A,yes (AAVE governance + safety module),2022,,,,10B+ (TVL),Operational,Operational,not_failed,resolved,2,1,2,2,2,0,1,1,1,1.67,1.33,1.0,1.33,,,expert-scored,Overcollateralised lending. Governance bounded by safety module (sm=2). Protocol profitable with insurance fund (sf=0). $40B+ cumulative volume. UK FCA engagement via Aave Arc (ls/lr/lp=1).,"On-chain data; Aave governance forum; DeFi Llama; Aave Arc/FCA documentation; audit reports (Trail of Bits, OpenZeppelin)"
E003,Australian National Blockchain,Australian Gov,enterprise,Digital Identity,Asia-Pacific,,permissioned,BFT,private chain,Centralized,1,no,2020,2023,2023,5000000,5M,Failed,Failed,failed,resolved,3,3,3,3,4,4,3,3,3,3.0,3.67,3.0,3.22,Adoption Failure,No adoption; Privacy concerns,systematic-with-review,Government-mandated digital identity project. Architecture was standard enterprise DLT (na=3). Fully centralised government control (sm=4). Zero adoption destroyed economic viability (sf=4). Privacy backlash created legal risk (ls/lp=3).,Australian government digital identity publications; Department of Industry reports
D011,Axie Infinity/Ronin,Sky Mavis,defi,Gaming/Bridge,Global,Ronin sidechain,permissioned (Ronin sidechain),PoA (Ronin validators),"sidechain (Ronin, Ethereum-linked)",Sky Mavis controlled,1,yes (AXS + SLP + RON),2021,,,,625M (bridge hack),Survived,Survived,not_failed,resolved,3,3,1,2,3,3,2,1,1,2.33,2.67,1.33,2.11,,,expert-scored,Play-to-earn with Ronin bridge. $625M hack from 5-of-9 validator compromise (nc=3). Sky Mavis controlled majority validators (sm=3). Users reimbursed via Binance. Game economics declined 90%+ (sf=3).,Ronin bridge hack post-mortem; FBI attribution (Lazarus Group); Sky Mavis disclosures; Chainalysis reports
E004,B3i,Insurance Consortium,enterprise,Insurance,Global,,permissioned,BFT (Corda),private chain (R3 Corda),Consortium,20+,no,2016,2022,2022,22000000,22M,Failed,Failed,failed,resolved,3,4,3,4,4,4,3,3,3,3.33,4.0,3.0,3.44,Consortium Failure,Complex governance; No product-market fit,systematic-with-review,Insurance industry consortium of 18+ insurers. Complex consortium governance with competing member interests (sm=4). Failed to deliver product-market fit — insurance products too complex for standardised smart contracts (sf=4). $22M invested before dissolution.,B3i press releases; Insurance Journal; Swiss commercial registry (liquidation filing)
E069,BNY Mellon Tokenized Deposits,BNY Mellon,enterprise,Digital Assets/Deposits,North America,Private Permissioned + Ethereum,hybrid,PoS (Ethereum) + permissioned,hybrid (private permissioned + Ethereum),Single Entity,1,yes (deposit token),,,,,undisclosed,Launched,Launched,not_failed,resolved,2,3,2,3,4,2,1,1,1,2.33,3.0,1.0,2.11,,,expert-reviewed,Tokenized deposit platform. Single-entity BNY Mellon control (sm=4). Private permissioned + Ethereum hybrid architecture. Banking regulation provides clear framework (ls/lr/lp=1).,BNY Mellon digital assets announcements; OCC/Fed regulatory filings
E071,BOJ Digital Yen Sandbox,Bank of Japan,enterprise,CBDC,Asia-Pacific,Purpose-built sandbox (unspecified),permissioned,undisclosed (sandbox),private chain (purpose-built sandbox),Central Bank,1,"yes (CBDC, sandbox)",,,,,undisclosed (sandbox),Pilot,Pilot,not_failed,unresolved,3,3,3,2,4,3,2,2,2,3.0,3.0,2.0,2.67,,,expert-reviewed,Bank of Japan CBDC pilot sandbox. Central bank control (sm=4). Purpose-built sandbox architecture. Japanese regulatory framework clear. Pilot assessment only.,Bank of Japan CBDC reports; Japanese Financial Services Agency documentation
E005,Bahamas Sand Dollar,Central Bank Bahamas,enterprise,Retail CBDC,Caribbean,,permissioned,custom,private chain (NZIA/central bank),Centralized,1,yes (CBDC),2020,Active,,Undisclosed,<50M (circulation),Production,Production,not_failed,resolved,2,3,2,2,4,2,1,2,1,2.33,2.67,1.33,2.11,,Limited adoption,systematic-with-review,Retail CBDC in production since 2020. Centralised central bank control (sm=4). Functional but extremely low adoption — most transactions still cash-based (sf=2). Architecture functional for small population (na/ns=2). Central bank legal authority clear (ls/lr/lp=1-2).,Central Bank of The Bahamas reports; IMF Article IV consultations; Atlantic Council CBDC tracker
E006,Banco Santander One Pay FX,Santander/Ripple,enterprise,,,RippleNet,permissioned,XRP Ledger consensus,private chain (RippleNet),,1,no (used XRP rails),2018,2020,2020,"20,000,000",20M,Discontinued,Failed,failed,resolved,2,3,2,3,3,3,3,3,3,2.33,3.0,3.0,2.78,Cross-border Payments,Regulatory concerns; technical limitations; limited corridor adoption,systematic-with-review,Cross-border payment service using RippleNet. Discontinued due to regulatory concerns and limited corridor adoption (sf=3). Santander controlled the integration (sm=3). Regulatory uncertainty around Ripple/XRP created legal risk (ls/lr/lp=3).,Santander annual reports; Ripple partnership announcements; FT reporting
E007,Bank of England Digital Pound,Bank of England,enterprise,Retail CBDC,,TBD,TBD,TBD,TBD (design phase),,1,"yes (CBDC, planned)",,,,Undisclosed,undisclosed,Design Phase,Design Phase,not_failed,unresolved,2,3,2,3,3,2,2,2,3,2.33,2.67,2.33,2.44,,,systematic-with-review,Design phase CBDC. Architecture TBD — scores reflect design-phase uncertainty (na=2). Central bank retains full control (sm=3). Legal framework under development. No deployed system to evaluate.,Bank of England consultation papers; HM Treasury reports; Digital Pound Foundation publications
E008,Batavia,IBM/UBS/Others,enterprise,Trade Finance,Europe,,permissioned,BFT,private chain,,6-20,no,2017,2020,2020,15000000,15M,Failed,Failed,failed,resolved,3,4,3,4,4,4,2,2,3,3.33,4.0,2.33,3.22,Consortium Failure,Pilot never progressed; consortium disbanded,systematic-with-review,IBM/UBS trade finance pilot. Consortium of 5 banks never progressed beyond pilot (sf=4). IBM-dominated governance (sm=4). Disbanded after failing to attract additional participants. $15M invested.,IBM/UBS press releases; Trade Finance Global reporting
E009,Brazil DREX,Central Bank of Brazil,enterprise,Digital Real,,Hyperledger Besu→None,permissioned,PoA (Hyperledger Besu),"private chain (Hyperledger Besu, later abandoned)",,1,"yes (CBDC, planned)",,,2024,Undisclosed,undisclosed,Failed,Failed,failed,resolved,4,4,4,4,4,4,0,4,2,4.0,4.0,2.0,3.33,,,systematic-with-review,"Central Bank of Brazil digital currency project. Originally Hyperledger Besu, pivoted away from DLT entirely. Full central bank control (sm=4). Privacy concerns led to architectural redesign. Scores reflect the failed blockchain approach, not the ongoing non-blockchain project.",Banco Central do Brasil publications; CoinDesk Brasil; privacy audit reports
E011,BurstIQ,BurstIQ,enterprise,Healthcare,North America,,permissioned,custom,private chain (proprietary),,1,no,2015,Active,2023,25000000,25M,Failed,Failed,failed,resolved,3,3,3,3,4,4,3,3,3,3.0,3.67,3.0,3.22,Regulatory Challenges,HIPAA compliance complexity limiting adoption,systematic-with-review,Healthcare data platform. Proprietary architecture with single-entity control (sm=4). HIPAA compliance complexity limited adoption (sf=4). Technical platform was functional but centralised (na/nc=3). Regulatory uncertainty in health data (ls/lp=3).,BurstIQ press releases; Crunchbase; HIPAA compliance documentation
E012,Canton Network,Digital Asset + Banks,enterprise,Institutional finance,,DAML/Canton,permissioned,custom (DAML/Canton),private chain (DAML smart contracts),Hybrid,20+,no,,,,Undisclosed,undisclosed,Launch 2024,Launch 2024,not_failed,unresolved,3,3,3,3,4,3,3,3,2,3.0,3.33,2.67,3.0,,,systematic-with-review,Digital Asset's institutional finance network using DAML. Bank consortium governance (sm=4). Pre-launch — scores reflect architectural assessment and governance design. Proprietary DAML language creates vendor lock-in risk (se=3).,Digital Asset press releases; Canton Network documentation; Goldman Sachs/BNY Mellon announcements
E013,CargoX,CargoX,enterprise,Trade Documents,Global,,hybrid,PoS (Polygon),public chain (Polygon/Ethereum),,1,yes (CXO utility token),2018,Active,,10000000,10M,Limited Success,Distressed,failed,resolved,3,3,3,3,3,4,3,3,3,3.0,3.33,3.0,3.11,Niche Success,Success in Egypt but limited global adoption,systematic-with-review,Document transfer platform with success in Egypt's ACID system. Limited global adoption despite Egyptian mandate (sf=4). Company-controlled (sm=3). Niche regulatory success in specific market.,CargoX platform documentation; Egypt ACID system reports; Lloyd's List
D002,Celsius Network,Celsius Network,defi,CeFi Lending,Global,Custodial/Multi-chain,custodial (centralised),N/A (custodial platform),"custodial (centralised platform, not a blockchain)",Single entity,1,yes (CEL token),2022,,2022,,4.7B (frozen deposits),Collapsed,Failed,failed,resolved,3,4,1,3,4,4,3,3,1,2.67,3.67,2.33,2.89,Fraud/Centralisation,Ponzi-like yield; complete centralisation; commingled funds,expert-scored,"Centralised lending marketed as DeFi. Complete CEO control over deposits (sm=4). No real consensus — custodial model (nc=4). $4.7B frozen. Fraud charges against Alex Mashinsky (ls=3, lr=3).",Celsius bankruptcy filing (SDNY); Examiner's report; SEC/CFTC complaints; Mashinsky arrest affidavit
E014,Chained Finance,Dianrong/FnConn,enterprise,Supply Chain Finance,Asia,,permissioned,BFT,private chain,,2-5,no,2017,2020,2020,50000000,50M,Failed,Failed,failed,resolved,3,3,4,4,4,4,3,3,4,3.33,4.0,3.33,3.55,Market Failure,Failed to scale beyond Foxconn supply chain,systematic-with-review,Dianrong/Foxconn supply chain finance. Failed to scale beyond Foxconn's own supply chain (sf=4). Joint venture governance with dominant industrial partner (sm=4). $50M invested.,Dianrong/FnConn press releases; South China Morning Post; Foxconn supply chain reports
E010,China BSN,State Information Center,enterprise,Infrastructure,Asia,,permissioned (domestic) / hybrid (international),"multiple (FISCO BCOS, Fabric, etc.)",infrastructure platform (multi-chain),,6-20,no,2020,Active,,100000000,100M+,Limited International,Limited International,not_failed,unresolved,2,3,2,3,3,3,4,4,4,2.33,3.0,4.0,3.11,Geopolitical,International trust issues,systematic-with-review,State-backed Blockchain-based Service Network. Government-controlled infrastructure (sm=3). International version limited by geopolitical trust issues. Strong domestic architecture but sovereignty concerns limit global adoption (ls/lp=4).,BSN official publications; State Information Center announcements; Caixin reporting
E070,Citi Token Services,Citigroup,enterprise,Payments/Trade Finance,Global,Hyperledger Besu,permissioned,PoA (Hyperledger Besu),private chain (Hyperledger Besu),Single Entity,1,yes (deposit token),,,,,undisclosed,Launched,Launched,not_failed,resolved,2,3,2,3,4,2,1,1,1,2.33,3.0,1.0,2.11,,,expert-reviewed,Cross-border payment tokenization. Citigroup single-entity control (sm=4). Hyperledger Besu architecture. Global regulatory footprint. Low law domain risk given institutional banking framework.,Citigroup press releases; Singapore pilot documentation; MAS regulatory filings
E015,Cobalt,Cobalt DL,enterprise,FX Settlement,Europe,,permissioned,custom (DLT),private chain (proprietary),,6-20,no,2016,2023,2023,47000000,47M,Failed,Failed,failed,resolved,2,2,3,3,3,4,2,2,2,2.33,3.33,2.0,2.55,Market Failure,Could not compete with traditional FX settlement despite technical success,systematic-with-review,FX post-trade processing. Sound technical architecture for settlement matching (na/nc=2). Failed commercially — could not displace CLS and SWIFT (sf=4). Moderate centralisation (sm=3). Well-regulated FX market (ls/lr/lp=2).,Cobalt DL press releases; FX Markets reporting; Companies House (UK) filings
D010,Compound,Compound Labs,defi,Lending Protocol,Global,Ethereum,permissionless,PoS (Ethereum),public chain (smart contracts on Ethereum),COMP token governance,N/A,yes (COMP governance token),2020,,,,1.8B (current TVL),Declining,Declining,not_failed,resolved,2,1,2,2,2,3,1,2,1,1.67,2.33,1.33,1.78,,,expert-scored,Lending protocol with COMP token governance. TVL down 83% from peak but operational (sf=3). Governance attacked in Proposal 117 (sm=2). Protocol functional on Ethereum (na/nc=2/1).,On-chain data; Compound governance forum; DeFi Llama; Proposal 117 incident analysis; audit reports
E016,Contour,Former Voltron,enterprise,Trade Finance,Asia,,permissioned,BFT (Corda),private chain (R3 Corda),,6-20,no,2018,2024,2024,40000000,40M,Failed,Failed,failed,resolved,3,3,4,4,4,4,3,3,4,3.33,4.0,3.33,3.55,Adoption Failure,Limited to 11 banks; low transaction volumes,systematic-with-review,Former Voltron — trade finance letter of credit platform. Limited to 11 banks despite years of development (sf=4). Consortium governance (sm=4). Failed to digitise complex LC workflows. $40M invested before shutdown in 2024.,Contour press releases; GTR (Global Trade Review); bank consortium announcements
E017,Corda Settler,R3,enterprise,,,Corda,permissioned,notary-based (Corda),private chain (R3 Corda),,1,no,2018,2021,2021,"50,000,000",50M (R3 funding allocated),Discontinued,Failed,failed,resolved,3,3,3,4,3,3,3,3,4,3.0,3.33,3.33,3.22,Payment Settlement,Failed XRP integration; limited payment rail support,systematic-with-review,R3's payment settlement layer. Failed XRP integration undermined core value proposition (sf=3). R3-controlled (sm=3). Discontinued when cross-platform settlement proved impractical.,R3 press releases; CoinDesk; XRP integration announcements and post-mortems
E018,Deutsche Börse D7,Deutsche Börse Group,enterprise,Securities issuance,,Digital Asset/R3,permissioned,notary-based (Corda/Digital Asset),private chain (R3 Corda / Digital Asset),Centralized,1,no,,,,"20,000,000+",20M+,Production,Production,not_failed,resolved,1,1,1,2,3,1,1,1,1,1.0,2.0,1.0,1.33,,,systematic-with-review,Securities issuance platform in production. Centralised exchange control (sm=3) but operating within established securities regulation (ls/lr/lp=1). Low architectural risk — leverages existing exchange infrastructure (na/nc/ns=1). One of the lower-risk enterprise projects.,Deutsche Börse Group annual reports; BaFin regulatory filings; CSD documentation
E019,Diem/Libra,Meta/Facebook,enterprise,Digital Currency,Global,,permissioned (planned permissionless transition),BFT (LibraBFT/DiemBFT),private chain (custom Move VM),Consortium,20+,"yes (stablecoin, never launched)",2019,2022,2022,300000000,300M,Failed,Failed,failed,resolved,2,3,1,3,4,3,4,4,4,2.0,3.33,4.0,3.11,Regulatory Failure,Regulatory opposition,systematic-with-review,"Meta's global stablecoin. Regulatory opposition from multiple jurisdictions killed the project (ls=4, lr=4, lp=4). Scaled down repeatedly from global currency to US-only stablecoin. $300M invested. Consortium governance but Meta-dominated (sm=4).",Diem/Libra white papers; US Senate hearing transcripts; Silvergate Bank acquisition docs; WSJ/FT reporting
E066,Digital Trade Chain,Deutsche Bank/Others,enterprise,Trade Finance,Europe,,permissioned,BFT (Hyperledger Fabric → IBM),"private chain (Hyperledger Fabric, became We.Trade)",,6-20,no,2017,2022,2022,8000000,8M,Failed,Failed,failed,resolved,2,3,3,3,3,4,2,2,3,2.67,3.33,2.33,2.78,Consortium Failure,Became We.Trade then failed,systematic-with-review,"Multi-bank trade finance consortium, became We.Trade. Hyperledger functional (na=2). Competing bank consortium (sm=3). Never achieved volumes (sf=4). EU regulation (ls/lr=2). Consortium liability disputes (lp=3).",We.Trade press releases; Deutsche Bank/participating bank announcements; Irish insolvency filings
E020,Eastern Caribbean DCash,ECCB,enterprise,Regional CBDC,Caribbean,,permissioned,custom (Bitt),private chain (Bitt platform),,1,yes (CBDC),2021,Active,,Undisclosed,<10M (circulation),Failed,Failed,failed,resolved,4,4,4,3,3,3,3,3,3,4.0,3.0,3.0,3.33,Technical Issues,Technical outages; Low adoption,systematic-with-review,Regional CBDC serving 8 island nations. Extended technical outages destroyed user confidence (na=4). Central bank control (sm=3). Low adoption — most citizens returned to cash. Architecture not resilient enough for multi-island deployment.,ECCB annual reports; IMF Eastern Caribbean consultations; Caribbean media reporting
E022,Energy Web Chain,Energy Web Foundation,enterprise,Energy Trading,Global,,permissioned (PoA),PoA (Aura),"private chain (Ethereum fork, PoA)",DAO,6-20,yes (EWT),2019,2023,2023,50000000,50M,Failed,Failed,failed,resolved,2,2,3,3,3,4,3,3,3,2.33,3.33,3.0,2.89,Adoption Failure,No utility adoption,systematic-with-review,Energy trading on dedicated PoA chain. Technically functional architecture (na/nc=2). DAO governance but foundation-controlled (sm=3). Zero utility company adoption (sf=4). Complex energy regulation across jurisdictions (ls/lr/lp=3).,Energy Web Foundation reports; EWT token data; utility company adoption reports
E021,European Central Bank Digital Euro,ECB,enterprise,Retail CBDC,,TBD,TBD,TBD,TBD (investigation phase),,1,"yes (CBDC, planned)",,,,Undisclosed,undisclosed,Investigation Phase,Investigation Phase,not_failed,unresolved,2,3,2,3,3,2,2,2,3,2.33,2.67,2.33,2.44,,,systematic-with-review,Investigation/preparation phase CBDC. Full ECB control (sm=3). Legal framework under EU legislation. Architecture TBD. Scores reflect institutional design-phase assessment.,ECB Digital Euro reports; EU legislative proposals; EPC scheme rulebook
D003,FTX/Serum,FTX Trading,defi,Exchange/DeFi,Global,Solana (Serum),custodial (exchange) + permissionless (Serum),N/A (exchange) / PoH+PoS (Solana/Serum),custodial exchange + public chain DEX (Serum on Solana),Single entity,1,yes (FTT + SRM),2022,,2022,,8B+ (customer funds stolen),Collapsed,Failed,failed,resolved,3,4,1,4,4,4,3,2,0,2.67,4.0,1.67,2.78,Fraud,Deliberate fraud; backdoor access; no real decentralisation,expert-scored,"Exchange with DeFi facade. Serum DEX was FTX-controlled (sm=4). Execution manipulated via Alameda backdoor (se=4). $8B stolen. SBF convicted (ls=3). Bahamas incorporation limited remedy (lr=2, lp=0).",FTX bankruptcy filing (Delaware); DOJ indictment; SBF trial testimony; Alameda Research forensic analysis
E025,Federal Reserve Project Hamilton,Boston Fed/MIT,enterprise,CBDC research,,Custom C++,permissioned,custom (C++ transaction processor),private chain (custom high-performance),,2-5,no (research),,,,Undisclosed,undisclosed (research),Research Complete,Research Complete,not_failed,unresolved,2,3,2,2,3,2,2,2,2,2.33,2.33,2.0,2.22,,,systematic-with-review,Boston Fed/MIT CBDC research project. Custom C++ implementation achieved 1.7M TPS in testing. Research-only — no production deployment. Scores reflect technical assessment of prototype architecture.,Boston Fed/MIT DCI technical reports; Federal Reserve white papers
E026,Fnality,Bank Consortium,enterprise,Wholesale bank settlement,,Proprietary DLT,permissioned,BFT (proprietary),private chain (proprietary DLT),Consortium,20+,yes (USC utility settlement coin),,,,"100,000,000+",100M+,Delayed,Delayed,not_failed,unresolved,3,3,3,3,3,3,2,3,3,3.0,3.0,2.67,2.89,,,systematic-with-review,Bank consortium for wholesale settlement. £100M+ invested. Consortium governance with 15+ banks (sm=3). Delayed repeatedly — original 2020 launch target missed. Regulatory approval process ongoing. Architecture technically sound but untested at scale.,Fnality International press releases; bank consortium announcements; Bank of England regulatory engagement
E029,HSBC FX Everywhere,HSBC,enterprise,,,Proprietary DLT,permissioned,custom (proprietary),private chain (proprietary HSBC DLT),,1,no,2019,2021,2021,"10,000,000",10M,Quietly abandoned,Failed,failed,resolved,2,3,3,3,4,3,1,1,1,2.67,3.33,1.0,2.33,FX Settlement,Performance issues; high operational costs; limited use cases,systematic-with-review,Internal HSBC FX netting platform. Proprietary DLT adequate for internal use (na=2). Fully HSBC-controlled (sm=4). High operational costs vs marginal benefit (sf=3). Internal tool — minimal legal risk (ls/lr/lp=1).,HSBC annual reports; FX Markets reporting; internal technology review leaks
E028,Hong Kong e-HKD,Hong Kong Monetary Authority,enterprise,Retail CBDC pilot,,Multiple platforms,permissioned,multiple (pilot evaluating platforms),multiple (pilot phase),,1,"yes (CBDC, pilot)",,,,Undisclosed,undisclosed,Pilot Phase,Pilot Phase,not_failed,unresolved,2,3,2,3,3,2,2,2,2,2.33,2.67,2.0,2.33,,,systematic-with-review,HKMA retail CBDC pilot across multiple platforms. Central bank control (sm=3). Pilot phase — evaluating multiple technology approaches. Scores reflect early-stage assessment.,HKMA e-HKD publications; pilot programme reports
E030,India Digital Rupee,Reserve Bank of India,enterprise,Retail & Wholesale CBDC,,Unknown,permissioned,undisclosed,private chain (RBI-controlled),,1,yes (CBDC),,,,Undisclosed,undisclosed,Pilot Expansion,Pilot Expansion,not_failed,unresolved,2,3,2,3,3,2,2,2,2,2.33,2.67,2.0,2.33,,,systematic-with-review,RBI retail and wholesale CBDC pilot. Central bank control (sm=3). Expanding pilot across banks. Architecture unknown/not disclosed publicly. Low legal risk given RBI authority.,Reserve Bank of India publications; pilot bank announcements; Economic Times reporting
E031,Interbank Information Network,JPMorgan,enterprise,Payments,Global,,permissioned,BFT (Quorum),private chain (Quorum/JPMorgan),,20+ (400+ banks joined),no,2017,2022,,Undisclosed,undisclosed,Pivoted,Operational,not_failed,resolved,2,3,2,2,4,3,1,1,1,2.33,3.0,1.0,2.11,Strategic Pivot,Pivoted to Liink; limited to sanctions screening,systematic-with-review,"JPMorgan payment information network, pivoted to Liink. Quorum-based, functional (na=2). Entirely JPMorgan-controlled (sm=4). Narrow sanctions screening use case (sf=3). Internal compliance tool (ls/lr/lp=1).",JPMorgan press releases; Onyx documentation; Liink pivot announcements
D004,Iron Finance,Iron Finance,defi,Algorithmic Stablecoin,Global,Polygon,permissionless,PoS (Polygon),public chain (smart contracts on Polygon),Team-controlled,N/A,yes (IRON + TITAN),2021,,2021,,2B (peak TVL),Collapsed,Failed,failed,resolved,2,1,1,3,3,4,4,4,4,1.33,3.33,4.0,2.89,Economic Collapse,Algorithmic stablecoin bank run; whale exit trigger; no legal entity,expert-scored,"Partially-collateralised stablecoin. Bank run when large holder exited (sf=4). Team retained minting parameters (sm=3). No legal entity, no jurisdiction, no remedy (ls/lr/lp=4).",On-chain data (Polygonscan); Iron Finance post-mortem; Mark Cuban public statements; DeFi Llama
E033,JPMorgan Onyx/JPM Coin,JPMorgan,enterprise,Institutional settlement,,Quorum/Onyx,permissioned,BFT (Quorum/Onyx),private chain (Quorum → Onyx),Centralized,1,yes (JPM Coin deposit token),,,,"100,000,000+",100M+,Limited Production,Limited Production,not_failed,resolved,2,2,2,3,3,2,2,2,2,2.0,2.67,2.0,2.22,,,systematic-with-review,Institutional settlement platform using Quorum/Onyx. JPMorgan-controlled (sm=3). Limited production for large-value interbank transfers. Sound architecture leveraging JPMorgan infrastructure (na=2). Regulatory positioning as bank deposit token (ls/lr/lp=2).,JPMorgan Onyx documentation; SEC/OCC filings; Bloomberg/Reuters reporting
E032,Jamaica JAM-DEX,BoJ,enterprise,Retail CBDC,Caribbean,,permissioned,custom (eCurrency Mint),private chain (eCurrency platform),,1,yes (CBDC),2022,Active,,Undisclosed,<50M (circulation),Early Production,Early Production,not_failed,resolved,2,3,2,2,3,3,2,2,2,2.33,2.67,2.0,2.33,,Adoption challenges,systematic-with-review,Retail CBDC in early production since 2022. BoJ control (sm=3). Low adoption despite incentive programmes. Functional architecture for small economy. Cash culture resistant to digital adoption (sf=3).,Bank of Jamaica reports; IMF Jamaica Article IV; Caribbean media
E034,KomGo,Commodity Trade,enterprise,Commodity Trading,Global,,permissioned,PoA (Ethereum-based),private chain (Ethereum fork),,6-20,no,2018,2023,2023,15000000,15M,Failed,Failed,failed,resolved,2,3,3,3,3,4,2,2,2,2.67,3.33,2.0,2.67,Market Failure,No critical mass,systematic-with-review,"Commodity trade finance platform. Ethereum-based, technically sound (na=2). Consortium dominated by founding banks (sm=3). Never reached critical mass (sf=4). Standard trade finance regulation (ls/lr/lp=2).",KomGo press releases; commodity trading press; Swiss commercial registry
E035,Kompass,Korea Customs,enterprise,Trade,Asia,,permissioned,BFT (Hyperledger Fabric),private chain (Hyperledger Fabric),,1,no,2021,Active,,15000000,15M,Active,Active,not_failed,resolved,1,2,1,2,3,1,1,1,1,1.33,2.0,1.0,1.44,Government Success,Successful due to government mandate,systematic-with-review,Korean customs blockchain for trade documentation. Government-mandated system (sm=3). Active since 2021. Success driven by regulatory mandate rather than voluntary adoption. Low risk due to government backing and clear regulatory framework.,Korea Customs Service publications; Korean government digital trade reports
D009,MakerDAO/Sky,MakerDAO,defi,Stablecoin/Lending,Global,Ethereum,permissionless,PoS (Ethereum),public chain (smart contracts on Ethereum),MKR token governance,N/A,yes (MKR governance + DAI stablecoin),2019,,,,5.4B (TVL),Operational,Operational,not_failed,resolved,2,1,2,2,2,0,2,2,3,1.67,1.33,2.33,1.78,,,expert-scored,DAI stablecoin with overcollateralised vaults. MKR whale governance concentration (sm=2). Economic model proven through stress events (sf=0). Rebranded to Sky. Growing RWA exposure increases liability (lp=3).,On-chain data (Etherscan); MakerDAO governance forum; DeFi Llama; Sky rebrand documentation; RWA reports
E036,Marco Polo,TradeIX/R3,enterprise,Trade Finance,Global,,permissioned,BFT (Corda),private chain (R3 Corda/TradeIX),,20+,no,2017,2024,2023,30000000,30M,Failed,Failed,failed,resolved,3,3,4,4,4,4,3,3,4,3.33,4.0,3.33,3.55,Market Failure,Major banks exited; minimal transaction volumes,systematic-with-review,"TradeIX/R3 trade finance network. Major banks (BNY Mellon, ING) exited. Minimal transaction volumes despite $30M investment (sf=4). Consortium governance failed to align competing interests (sm=4). Went insolvent in 2023.",TradeIX/Marco Polo press releases; GTR (Global Trade Review); insolvency filings (Ireland)
E037,MediLedger,Pharma Consortium,enterprise,Pharma Supply,North America,,permissioned,PoA (custom),private chain (custom enterprise),,20+,no,2017,Active,,30000000,30M,Limited,Operational,not_failed,resolved,2,2,2,2,3,3,2,2,2,2.0,2.67,2.0,2.22,Regulatory Complex,Regulatory complexity,systematic-with-review,Pharma supply chain verification. Functional for DSCSA compliance (na/nc/ns=2). Industry consortium governance (sm=3). Limited beyond regulatory minimum (sf=3). FDA DSCSA provides clear framework (ls/lr/lp=2).,MediLedger Network documentation; FDA DSCSA implementation reports; pharma industry press
E038,Minehub,Minehub Technologies,enterprise,Mining Supply Chain,Global,,permissioned,BFT,private chain,,2-5,no,2018,Active,,8000000,8M,Active,Active,not_failed,resolved,2,2,2,2,3,2,2,2,2,2.0,2.33,2.0,2.11,Niche Success,Limited to mining industry,systematic-with-review,Mining supply chain platform. Niche success in mining commodity tracking (sf=2). Company-controlled (sm=3). Limited market but functional within that scope. $8M invested.,Minehub Technologies press releases; mining industry publications; TSX Venture filings
E039,NASDAQ Linq,NASDAQ,enterprise,Securities,North America,,permissioned,custom (Chain.com),private chain (Chain protocol on NASDAQ infra),,1,no,2015,2019,2019,Undisclosed,undisclosed,Discontinued,Failed,failed,resolved,1,2,2,2,4,4,2,2,2,1.67,3.33,2.0,2.33,Limited Utility,Private market platform saw minimal usage,systematic-with-review,NASDAQ private market securities issuance. Sound NASDAQ infrastructure (na=1). Fully NASDAQ-controlled (sm=4). Minimal usage in private markets (sf=4). Securities regulation well-established (ls/lr/lp=2).,NASDAQ press releases; Chain.com partnership docs; SEC private market documentation
E068,NYSE Tokenized Securities,NYSE/ICE,enterprise,Securities Trading,North America,Multi-chain (unspecified),permissioned,undisclosed,"private chain (multi-chain, unspecified)",Single Entity,1,no,,,,,undisclosed,Development,Development,not_failed,unresolved,3,3,2,3,4,3,1,2,2,2.67,3.33,1.67,2.56,,,expert-reviewed,"NYSE/ICE tokenized securities platform in development. Single-entity control (sm=4). Architecture assessment based on announced design. Securities regulation well-established (ls=1, lr=2, lp=2).",NYSE/ICE press releases; SEC regulatory filings
E040,Nigeria eNaira,Central Bank of Nigeria,enterprise,Retail CBDC,,Hyperledger Fabric,permissioned,BFT (Hyperledger Fabric),private chain (Hyperledger Fabric/Bitt),,1,yes (CBDC),,,,Undisclosed,<50M (circulation),Failed,Failed,failed,resolved,1,4,2,2,4,4,2,4,2,2.33,3.33,2.67,2.78,,,systematic-with-review,Retail CBDC. Central bank control (sm=4). Technically functional but near-zero adoption — 0.5% of population used it. Pushed via social programmes. Economic instability and cash culture resistance (sf=4).,Central Bank of Nigeria publications; IMF Nigeria Article IV; Reuters/Bloomberg reporting
D005,Olympus DAO,Olympus DAO,defi,Reserve Currency Protocol,Global,Ethereum,permissionless,PoS (Ethereum),public chain (smart contracts on Ethereum),DAO governance,N/A,yes (OHM),2022,,2022,,4B (peak market cap),93% decline,93% decline,not_failed,resolved,2,1,1,2,2,4,3,3,3,1.33,2.67,3.0,2.33,Economic Collapse,Unsustainable rebase APY; Ponzi structure,expert-scored,"Reserve currency protocol with 9,000%+ APY rebase. Unsustainable Ponzi structure (sf=4). DAO governance existed but couldn't prevent collapse (sm=2). Token lost 93%. Novel DAO liability questions (ls/lr/lp=3).",On-chain data (Etherscan); OHM token price data; DAO governance proposals; DeFi Llama
E041,Origin,Target/Others,enterprise,Supply Chain,North America,,permissioned,BFT (Hyperledger),private chain (Hyperledger),,2-5,no,2019,2023,2023,5000000,5M,Failed,Failed,failed,resolved,2,3,3,3,4,4,2,2,2,2.67,3.67,2.0,2.78,Strategic Change,Pilot completed but not expanded,systematic-with-review,Target/retailer supply chain pilot. Standard Hyperledger (na=2). Fully retailer-controlled (sm=4). No business case for expansion beyond pilot (sf=4). Domestic supply chain regulation straightforward (ls/lr/lp=2).,Target supply chain announcements; IBM partnership documentation
E042,Partior,DBS/JPM/Temasek,enterprise,Wholesale FX/payments,,Blockchain-based,permissioned,BFT (custom),private chain (blockchain-based clearing),,2-5,no,,,,Undisclosed,undisclosed,Production,Production,not_failed,resolved,2,3,2,2,4,2,2,2,3,2.33,2.67,2.33,2.44,,,systematic-with-review,DBS/JPMorgan/Temasek wholesale payment network. Consortium governance with major institutional backing (sm=4). In production for interbank settlement. Sound architecture for institutional use case. Regulatory engagement in Singapore and US.,DBS/JPMorgan/Temasek press releases; MAS regulatory filings; Standard Chartered joining announcement
E043,Project Aber,Saudi/UAE Central Banks,enterprise,CBDC,Middle East,,permissioned,BFT (Hyperledger Fabric),private chain (Hyperledger Fabric),,2-5,"yes (CBDC, pilot only)",2019,2020,,Undisclosed,undisclosed (pilot),Pilot Complete,Pilot Complete,not_failed,unresolved,2,3,2,2,3,2,2,2,2,2.33,2.33,2.0,2.22,Pilot Success,Successful pilot for cross-border CBDC,systematic-with-review,Saudi/UAE central bank cross-border CBDC pilot. Successful proof-of-concept completed 2020. Dual central bank governance (sm=3). Research pilot only — no production deployment planned.,Saudi Central Bank/CBUAE joint report; BIS reporting
E044,Project Dunbar,BIS/4 Central Banks,enterprise,CBDC,Global,,permissioned,"multiple (Corda, Partior)",private chain (multi-platform),,6-20,"yes (CBDC, research)",2021,2022,,Undisclosed,undisclosed (research),Research Complete,Research Complete,not_failed,unresolved,2,3,2,2,3,2,2,2,2,2.33,2.33,2.0,2.22,Research Success,Multi-CBDC platform research completed,systematic-with-review,BIS Innovation Hub multi-CBDC platform. Four central banks participated. Research successfully completed 2022. Demonstrated technical feasibility but no production follow-up.,BIS Innovation Hub technical reports; participating central bank publications
E045,Project Jasper,Bank of Canada,enterprise,CBDC,North America,,permissioned,"multiple (Ethereum, Corda, tested)",private chain (multiple platforms tested),,6-20,no (research),2016,2019,,Undisclosed,undisclosed (research),Research Complete,Research Complete,not_failed,unresolved,2,3,2,2,3,2,2,2,2,2.33,2.33,2.0,2.22,Research Only,Successfully completed research objectives,systematic-with-review,Bank of Canada CBDC research 2016-2019. Multiple phases testing DLT for wholesale payments. Research completed successfully — informed Canadian CBDC policy.,Bank of Canada/Payments Canada reports; R3 documentation
E046,Project Khokha,South African Reserve Bank,enterprise,CBDC,Africa,,permissioned,BFT (Quorum),private chain (Quorum/ConsenSys),,6-20,no (pilot),2018,2019,,2000000,2M,Pilot Complete,Pilot Complete,not_failed,unresolved,2,3,2,2,3,2,2,2,2,2.33,2.33,2.0,2.22,Pilot Success,Successful pilot but no production plans,systematic-with-review,South African Reserve Bank wholesale CBDC pilot. Successful technical pilot processing daily volumes in under 2 hours. No production plans following pilot completion.,South African Reserve Bank technical report; ConsenSys case study
E048,Project Stella,ECB/BoJ,enterprise,Securities,Global,,permissioned,"multiple (Hyperledger Fabric, Corda)",private chain (multi-platform research),,2-5,no (research),2016,2020,,Undisclosed,undisclosed (research),Research Complete,Research Complete,not_failed,unresolved,2,3,2,2,3,2,2,2,2,2.33,2.33,2.0,2.22,Research Only,Research collaboration completed successfully,systematic-with-review,"ECB/Bank of Japan joint DLT research 2016-2020. Four phases covering DVP, cross-border, and balancing. Research collaboration — successfully completed all phases. Informed eurozone digital currency design.",ECB/Bank of Japan Stella reports (Phases 1-4)
E047,Project mBridge,BIS + Central Banks,enterprise,Cross-border CBDC,,Custom DLT,permissioned,custom (mBridge Ledger),private chain (purpose-built mBridge Ledger),,6-20,"yes (CBDC, multi-currency)",,,,Undisclosed,undisclosed,Pilot Success,Pilot Success,not_failed,unresolved,1,3,1,1,2,1,1,1,2,1.67,1.33,1.33,1.44,,,systematic-with-review,BIS + multiple central bank cross-border CBDC. Most advanced multi-CBDC project. Custom DLT architecture purpose-built for central bank settlement (na=1). Low mutation authority by design (sm=2). Pilot success with real-value transactions.,BIS Innovation Hub mBridge reports; HKMA/PBoC/BOT/CBUAE joint publications
E049,Proxeus,Proxeus/Switzerland,enterprise,Digital Identity,Europe,,hybrid,PoS (Ethereum),public chain (Ethereum-based workflows),,2-5,yes (XES token),2017,2021,2021,25000000,25M,Failed,Failed,failed,resolved,2,2,3,3,3,4,3,3,3,2.33,3.33,3.0,2.89,Adoption Failure,Failed to achieve adoption despite government support,systematic-with-review,"Swiss digital identity/document workflow. Ethereum-based, adequate (na/nc=2). Foundation-controlled (sm=3). Failed despite Swiss government support (sf=4). Cross-border identity regulation complex (ls/lr/lp=3).",Proxeus Foundation publications; Swiss Federal Council digital identity reports; ICO documentation
E051,SETL,SETL Development,enterprise,Securities Settlement,Europe,,permissioned,custom (high-performance SETL),private chain (custom high-throughput),,1,no,2015,2023,2023,85000000,85M,Failed,Failed,failed,resolved,2,2,2,2,3,4,2,2,2,2.0,3.0,2.0,2.33,Market Failure,Failed to achieve market penetration despite regulatory approvals,systematic-with-review,Securities settlement infrastructure. Custom high-performance DLT — 100K+ TPS (na/nc/ns=2). Company-controlled with regulatory engagement (sm=3). Could not displace incumbent CSDs despite £85M invested (sf=4). UK FCA-engaged (ls/lr/lp=2).,SETL press releases; FCA regulatory engagement; Companies House (UK) filings; Montis Real acquisition
E053,SIX Digital Exchange,SIX Group,enterprise,Digital securities,,R3 Corda,permissioned,notary-based (Corda),private chain (R3 Corda on SIX infra),,1,no,,,,Undisclosed,undisclosed,Production,Production,not_failed,resolved,1,1,1,2,3,1,1,1,1,1.0,2.0,1.0,1.33,,,systematic-with-review,Swiss exchange digital securities platform in production. SIX-controlled (sm=3) but operating under FINMA regulatory framework. Sound architecture leveraging existing exchange infrastructure (na=1). One of few production-grade digital exchanges.,SIX Group annual reports; FINMA licensing documentation; SDX platform announcements
E056,SWIFT CBDC Connector,SWIFT,enterprise,Cross-border payments,,Multi-platform,permissioned,N/A (interoperability layer),middleware (cross-platform connector),,20+,no,,,,Undisclosed,undisclosed,Beta Testing,Beta Testing,not_failed,unresolved,2,2,2,3,3,2,2,2,2,2.0,2.67,2.0,2.22,,,systematic-with-review,SWIFT interoperability layer for CBDCs. SWIFT-controlled (sm=3). Beta testing multi-platform connectivity. Leverages existing SWIFT network infrastructure. Low legal risk given SWIFT's established regulatory position.,SWIFT CBDC sandbox documentation; central bank integration announcements
E050,Saudi Arabia NEOM,NEOM Investment Fund,enterprise,Web3 infrastructure,,Unknown/Web3,TBD,TBD,TBD (early development),,1,no,,,,"50,000,000",50M+,Development Phase,Development Phase,not_failed,unresolved,2,3,2,2,3,2,3,2,2,2.33,2.33,2.33,2.33,,,systematic-with-review,NEOM smart city Web3 infrastructure. Early development phase. Governance unclear. $50M+ allocated. Scores reflect limited available information and development-stage uncertainty.,NEOM investment announcements; Saudi Vision 2030 documentation
E052,Singapore Ubin+,Monetary Authority Singapore,enterprise,Wholesale CBDC settlement,,"Corda, Fabric, Quorum",permissioned,"multiple (Corda, Fabric, Quorum)",private chain (multi-platform evaluation),,6-20,no (research/pilot),,,,Undisclosed,undisclosed,Production Pilots,Production Pilots,not_failed,unresolved,1,3,1,1,3,1,1,1,2,1.67,1.67,1.33,1.56,,,systematic-with-review,"MAS wholesale CBDC settlement project. Multi-platform testing across Corda, Fabric, Quorum. One of the most successful CBDC research programmes globally. Low institutional risk due to MAS governance.",MAS Project Ubin reports (Phases 1-5); Accenture/JPMorgan technical documentation
E054,Société Générale EUR CoinVertible,Société Générale,enterprise,EUR stablecoin,,Ethereum,hybrid,PoS (Ethereum),public chain (ERC-20 on Ethereum),,1,yes (EUR stablecoin),,,,Undisclosed,<100M,Production,Production,not_failed,resolved,1,2,2,1,3,1,1,1,1,1.67,1.67,1.0,1.45,,,systematic-with-review,EUR-denominated security token on Ethereum. SocGen-controlled (sm=3). Limited production for institutional EUR settlement. Regulated under French AMF framework. Low risk due to institutional backing.,SocGen FORGE documentation; AMF (French) regulatory filings; Ethereum transaction data
D012,Solend,Solend Labs,defi,Lending Protocol,Global,Solana,permissionless,PoH + PoS (Solana),public chain (smart contracts on Solana),Token governance,N/A,yes (SLND governance token),2021,,,,500M (peak TVL),Survived,Survived,not_failed,resolved,1,1,1,2,2,1,3,3,3,1.0,1.67,3.0,1.89,,,expert-scored,Solana lending protocol. Governance attempted hostile takeover of whale account — reversed after backlash (sm=2). Protocol remained functional (na/nc=1). Novel DAO governance power questions (ls/lr/lp=3).,On-chain data (Solana Explorer); SLND1 governance proposal; Solend Labs statements; DeFi Llama
E055,Swedish e-Krona,Riksbank,enterprise,Retail CBDC,Europe,,permissioned,notary-based (Corda),private chain (R3 Corda),,1,"yes (CBDC, pilot)",2020,Active,,Undisclosed,undisclosed,Pilot,Pilot,not_failed,unresolved,2,3,2,2,3,3,2,2,3,2.33,2.67,2.33,2.44,,Cash still preferred,systematic-with-review,Riksbank CBDC pilot. Testing R3 Corda-based architecture. Full central bank control (sm=3). Cash still preferred by public — adoption uncertain. Pilot phase ongoing since 2020.,Riksbank e-krona pilot reports; Swedish Parliament (Riksdag) inquiry reports
E057,TBSx3,Mongolia Gov,enterprise,Supply Chain,Asia,,permissioned,custom,private chain,,1,no,2019,2022,2022,3000000,3M,Failed,Failed,failed,resolved,3,3,4,3,4,4,3,3,3,3.33,3.67,3.0,3.33,Technical Failure,Could not handle transaction volumes,systematic-with-review,Mongolian livestock supply chain. Architecture could not handle transaction volumes (ns=4). Government-controlled (sm=4). Zero commercial viability (sf=4). Developing market regulatory framework (ls/lr/lp=3).,Mongolian government ICT reports; development agency publications
D001,Terra/Luna,Terraform Labs,defi,Algorithmic Stablecoin,Global,Cosmos SDK,permissionless,BFT (Tendermint/Cosmos),"public chain (Cosmos SDK, sovereign L1)",Foundation-controlled,N/A,yes (LUNA + UST),2022,,2022,,40B+ (peak market cap + UST),Collapsed,Failed,failed,resolved,3,2,2,3,3,4,3,3,1,2.33,3.33,2.33,2.66,Economic Collapse,Algorithmic stablecoin reflexivity; centralised minting authority; no circuit breakers,expert-scored,"Algorithmic stablecoin death spiral. UST de-pegged triggering $40B collapse. Do Kwon retained unilateral minting authority (sm=3). Reflexive peg mechanism inherently fragile (na=3, sf=4). Criminal prosecution followed (ls=3, lr=3).",On-chain data (Terra Explorer); SEC v. Terraform Labs; Nansen analytics; Jump Trading disclosures
E058,Thailand Retail CBDC,Bank of Thailand,enterprise,Retail CBDC,,Unknown,permissioned,undisclosed,private chain (BOT-controlled),,1,"yes (CBDC, pilot)",,,,Undisclosed,undisclosed,Pilot Expansion,Pilot Expansion,not_failed,unresolved,2,3,2,3,3,2,2,2,2,2.33,2.67,2.0,2.33,,,systematic-with-review,Bank of Thailand retail CBDC pilot. Central bank control (sm=3). Expanding pilot across banks. Architecture undisclosed. Low legal risk given central bank authority.,Bank of Thailand publications; BOT/MAS joint reports
E059,Trade Information Network,Multiple Singaporean Agencies,enterprise,,,Hyperledger Fabric,permissioned,BFT (Hyperledger Fabric),private chain (Hyperledger Fabric),,6-20,no,2018,2021,2021,"15,000,000",15M,Failed,Failed,failed,resolved,2,3,3,3,3,4,2,2,2,2.67,3.33,2.0,2.67,Trade Documentation,Complex multi-agency coordination; limited adoption,systematic-with-review,Singapore multi-agency trade documentation. Hyperledger Fabric functional (na=2). Complex multi-agency governance (sm=3). Limited adoption (sf=4). Clear Singapore regulatory framework (ls/lr/lp=2).,Singapore trade agency publications; Hyperledger case studies
E060,TradeLens,IBM/Maersk,enterprise,Supply Chain,Global,,permissioned,BFT (Hyperledger Fabric),private chain (Hyperledger Fabric/IBM),Consortium,"2-5 (core), 20+ (participants)",no,2018,2022,2022,250000000,250M,Failed,Failed,failed,resolved,2,3,4,4,4,4,2,2,3,3.0,4.0,2.33,3.11,Market Failure,Competitors refused; No network effect,systematic-with-review,"IBM/Maersk shipping supply chain platform. $250M invested. Competitors (CMA CGM, MSC) refused to join IBM/Maersk-controlled platform (sf=4). Consortium governance dominated by founding partners (sm=4). Shut down 2022 due to lack of industry-wide adoption.",IBM/Maersk press releases; GTR/Lloyd's List reporting; shipping industry adoption data
E061,Tradelens (Hapag-Lloyd),Hapag-Lloyd,enterprise,,,Hyperledger Fabric,permissioned,BFT (Hyperledger Fabric),private chain (Hyperledger Fabric),,1,no,2018,2022,2022,"10,000,000",10M,Shut down,Failed,failed,resolved,2,3,3,3,4,4,2,2,2,2.67,3.67,2.0,2.78,Shipping,Followed TradeLens closure; lack of industry cooperation,systematic-with-review,Hapag-Lloyd TradeLens instance. Inherited IBM/Maersk architecture (na=2). Shipping line controlled (sm=4). Failed with parent TradeLens shutdown (sf=4). Maritime regulation standard (ls/lr/lp=2).,Hapag-Lloyd press releases; shipping industry media
E062,Tradelens India,India Ports,enterprise,Supply Chain,Asia,,permissioned,BFT (Hyperledger Fabric),private chain (Hyperledger Fabric),,1,no,2019,2022,2022,10000000,10M,Failed,Failed,failed,resolved,2,3,3,3,4,4,2,2,2,2.67,3.67,2.0,2.78,Parent Failure,Failed when global TradeLens shut down,systematic-with-review,Indian port TradeLens implementation. Same Hyperledger architecture (na=2). Port authority controlled (sm=4). Collapsed when global TradeLens shut down (sf=4). Indian trade regulation standard (ls/lr/lp=2).,Indian port authority announcements; IBM India press releases
E063,Trust Your Supplier,IBM/Chainyard,enterprise,Supplier Management,Global,,permissioned,BFT (Hyperledger Fabric),private chain (Hyperledger Fabric/IBM),,2-5,no,2019,Active,,15000000,15M,Limited Success,Distressed,failed,resolved,3,3,3,4,4,4,3,3,3,3.0,4.0,3.0,3.33,Limited Adoption,Limited to specific IBM clients,systematic-with-review,IBM/Chainyard supplier management. Limited to IBM ecosystem clients (sf=4). IBM-controlled governance (sm=4). Functional but unable to expand beyond captive market.,IBM/Chainyard press releases; supplier onboarding documentation
D007,Uniswap V2/V3,Uniswap Labs,defi,Decentralised Exchange,Global,Ethereum,permissionless,PoS (Ethereum),public chain (immutable smart contracts on Ethereum),Immutable contracts,N/A,yes (UNI governance token),2020,,,,4.5B (current TVL),Operational,Operational,not_failed,resolved,1,1,2,1,0,1,1,3,1,1.33,0.67,1.67,1.22,,,expert-scored,Automated market maker with immutable core contracts. Zero admin keys — cannot be modified (sm=0). Only sm=0 project in dataset. $4.5B TVL. Proven across years (na=1). Regulatory uncertainty around securities (lr=3).,On-chain data (Etherscan); Uniswap governance forum; DeFi Llama; Uniswap Labs blog; SEC Wells notice
E064,Vakt,Oil Trading,enterprise,Commodity Trading,Global,,permissioned,BFT (Quorum → Corda),private chain (migrated Quorum to Corda),Consortium,6-20,no,2018,Active,,60000000,60M,Struggling,Distressed,failed,resolved,3,3,3,4,3,4,2,2,3,3.0,3.67,2.33,3.0,Market Struggle,Complex processes,systematic-with-review,Oil commodity trading platform. Complex post-trade processes proved resistant to blockchain transformation (sf=4). Consortium governance with oil majors (sm=3). $60M invested. Still operational but struggling.,Vakt press releases; Shell/BP/Equinor consortium announcements; Energy Trading press
E065,Venezuela Petro,Venezuelan Gov,enterprise,National Cryptocurrency,South America,,permissioned,"claimed PoS (NEM fork, unverifiable)",alleged public chain (no verifiable infrastructure),Centralized,1,yes (PTR),2018,2020,2020,6000000000,"6B (claimed, likely fraudulent)",Failed,Failed,failed,resolved,4,4,3,4,4,4,4,4,4,3.67,4.0,4.0,3.89,Complete Failure,Sanctions; Fraud; No backing,systematic-with-review,"State-issued cryptocurrency backed by oil. Entirely fabricated — no real blockchain, no oil backing (na/nc=4, se=4). Complete Maduro regime control (sm=4). US sanctions + zero usage (sf=4). Fraud, sanctions (ls/lr/lp=4).",Venezuelan government decrees; US Treasury/OFAC sanctions orders; Reuters/AP investigative reporting
E027,Walmart Food Trust,Walmart/IBM,enterprise,Supply Chain,Global,,permissioned,BFT (Hyperledger Fabric),private chain (Hyperledger Fabric/IBM),Centralized,2-5,no,2018,Active,,25000000,25M,Limited,Distressed,failed,resolved,3,3,3,4,3,3,3,3,3,3.0,3.33,3.0,3.11,Limited Success,Supplier resistance,systematic-with-review,IBM/Walmart food traceability. Mandated for leafy greens suppliers but resistance from broader supplier base (sf=3). Walmart-controlled despite IBM partnership (sm=3). Functional but limited to compliance minimum rather than genuine supply chain transformation.,Walmart supplier mandate documents; IBM Food Trust documentation; FDA FSMA reporting
D006,Wonderland,Wonderland/Daniele Sestagalli,defi,Reserve Currency Protocol,Global,Avalanche,permissionless,PoS (Avalanche),public chain (smart contracts on Avalanche),Pseudonymous team,N/A,yes (TIME + wMEMO),2022,,2022,,2B (peak TVL),Collapsed,Failed,failed,resolved,2,2,1,2,4,4,4,4,3,1.67,3.33,3.67,2.89,Fraud/Governance,Criminal treasurer; Ponzi economics; no accountability,expert-scored,"Olympus DAO fork on Avalanche. Treasury manager was convicted fraudster from QuadrigaCX (sm=4). 30,000% APY unsustainable (sf=4). No legal entity, pseudonymous team (ls/lr=4, lp=3).",On-chain data (Snowtrace); 0xSifu identity reveal reporting; Daniele Sestagalli public statements; DeFi Llama
E067,Yojee,Yojee Limited,enterprise,Logistics,Asia,,hybrid,PoS (Ethereum-based),hybrid (off-chain logistics + on-chain verification),,1,no,2018,Active,,20000000,20M,Struggling,Distressed,failed,resolved,3,3,3,4,4,4,3,3,3,3.0,4.0,3.0,3.33,Limited Adoption,Minimal real-world usage despite partnerships,systematic-with-review,Logistics optimisation platform. Minimal real-world blockchain usage despite partnerships (sf=4). Company-controlled (sm=4). Listed company — some regulatory clarity. $20M invested.,Yojee Limited ASX filings; annual reports; logistics industry press
E024,e-Yuan/DCEP,PBoC,enterprise,Retail CBDC,Asia,,permissioned,custom (PBoC),"private chain (two-tier, PBoC-controlled)",,1,yes (CBDC),2020,Active,,Undisclosed,1B+ (circulation),Production,Production,not_failed,resolved,2,3,2,2,4,2,2,3,2,2.33,2.67,2.33,2.44,,Privacy concerns; Surveillance,systematic-with-review,China's retail CBDC in production pilot. Complete PBoC control (sm=4). Privacy concerns around surveillance capability. Domestic legal authority clear but international acceptance limited. Functional architecture for domestic use.,PBoC Digital Currency Research Institute papers; pilot city reports; Atlantic Council CBDC tracker
E023,eTradeConnect,Hong Kong Banks,enterprise,Trade Finance,Asia,,permissioned,BFT (Hyperledger Fabric),private chain (Hyperledger Fabric),,6-20,no,2018,Active,,25000000,25M,Failed,Failed,failed,resolved,3,3,3,4,4,4,3,3,3,3.0,4.0,3.0,3.33,Limited Adoption,Regional limitation; integration challenges,systematic-with-review,Hong Kong bank trade finance platform. Limited to Hong Kong banks — failed to expand regionally (sf=4). Bank consortium governance (sm=4). Integration challenges with existing trade systems. $25M invested.,HKMA announcements; participating bank press releases; SCMP reporting
